2024-05-21,NOR1066,Forberedelsesdag
2024-05-21,NOR1076,Forberedelsesdag
2024-05-21,NOR1418,Forberedelsesdag
2024-05-21,NOR1274,Forberedelsesdag
2024-05-21,NOR1285,Forberedelsesdag
2024-05-21,SFS1026,Forberedelsesdag
2024-05-21,SFS1035,Forberedelsesdag
2024-05-21,SFS1044,Forberedelsesdag
2024-05-21,NOR1262,Forberedelsesdag
2024-05-21,NOR1420,Forberedelsesdag
2024-05-21,NOR1422,Forberedelsesdag
2024-05-21,NOR1271,5t eksamen
2024-05-21,NOR1268,5t eksamen
2024-05-21,NOR1080,Forberedelsesdag
2024-05-21,NOR1079,Forberedelsesdag
2024-05-21,SFS1032,5t eksamen
2024-05-21,SFS1041,5t eksamen
2024-05-21,SFS1050,5t eksamen
2024-05-21,SFS1052,5t eksamen
2024-05-21,SFS1054,5t eksamen
2024-05-21,SFS1056,5t eksamen
2024-05-22,NOR1066,5t eksamen
2024-05-22,NOR1076,5t eksamen
2024-05-22,NOR1418,5t eksamen
2024-05-22,NOR1274,5t eksamen
2024-05-22,NOR1285,5t eksamen
2024-05-22,SFS1026,5t eksamen
2024-05-22,SFS1035,5t eksamen
2024-05-22,SFS1044,5t eksamen
2024-05-22,NOR1262,5t eksamen
2024-05-22,NOR1280,5t eksamen
2024-05-22,NOR1282,5t eksamen
2024-05-22,NOR1420,5t eksamen
2024-05-22,NOR1422,5t eksamen
2024-05-22,NOR1288,5t eksamen
2024-05-22,NOR1287,5t eksamen
2024-05-22,NOR1270,5t eksamen
2024-05-22,NOR1267,5t eksamen
2024-05-22,NOR1080,5t eksamen
2024-05-22,NOR1079,5t eksamen
2024-05-23,SPR3029,5t eksamen
2024-05-23,MAT1019,5t eksamen
2024-05-23,MAT1021,5t eksamen
2024-05-23,MAT1111,4t eksamen
2024-05-23,MAT1113,4t eksamen
2024-05-23,MAT1115,4t eksamen
2024-05-23,MAT1117,4t eksamen
2024-05-23,MAT1119,4t eksamen
2024-05-23,MAT1121,4t eksamen
2024-05-23,MAT1123,4t eksamen
2024-05-23,MAT1125,4t eksamen
2024-05-23,MAT1127,4t eksamen
2024-05-23,MAT1129,4t eksamen
2024-05-23,MAT1131,4t eksamen
2024-05-23,MAT1133,4t eksamen
2024-05-23,MAT1135,4t eksamen
2024-05-23,MAT1137,4t eksamen
2024-05-23,MAT1139,4t eksamen
2024-05-23,MAT1141,4t eksamen
2024-05-23,MAT1143,4t eksamen
2024-05-23,MAT1145,4t eksamen
2024-05-23,MAT1147,4t eksamen
2024-05-23,MAT1149,4t eksamen
2024-05-23,REA3043,Forberedelsesdag
2024-05-23,REA3053,Forberedelsesdag
2024-05-23,SAM3046,Forberedelsesdag
2024-05-23,SAM3049,Forberedelsesdag
2024-05-23,SAM3073,Forberedelsesdag
2024-05-23,MOK2010,Forberedelsesdag
2024-05-23,SPR3034,Forberedelsesdag
2024-05-23,SPR3036,Forberedelsesdag
2024-05-23,REA3039,5t eksamen
2024-05-24,AUT4002,Forberedelsesdag
2024-05-24,REA3056,5t eksamen
2024-05-24,REA3060,5t eksamen
2024-05-24,MAT1023,5t eksamen
2024-05-24,REA3043,5t eksamen
2024-05-24,REA3053,5t eksamen
2024-05-24,SAM3046,5t eksamen
2024-05-24,SAM3049,5t eksamen
2024-05-24,SAM3073,5t eksamen
2024-05-24,MOK2010,5t eksamen
2024-05-24,SPR3034,5t eksamen
2024-05-24,SPR3036,5t eksamen
2024-05-24,MAT1151,5t eksamen
2024-05-24,AUT3103,Forberedelsesdag
2024-05-27,FSP6609,4t eksamen
2024-05-27,PSP6080,4t eksamen
2024-05-27,TEL3002,Forberedelsesdag
2024-05-27,SER3102,5t eksamen
2024-05-27,REP3102,5t eksamen
2024-05-27,POR3102,5t eksamen
2024-05-27,MPM3102,5t eksamen
2024-05-27,EOP3002,Forberedelsesdag
2024-05-27,IKO3102,5t eksamen
2024-05-27,TKS3102,5t eksamen
2024-05-27,IRL3102,5t eksamen
2024-05-27,KJD3102,5t eksamen
2024-05-27,OPT3102,5t eksamen
2024-05-27,PFD3102,5t eksamen
2024-05-27,BRS3102,5t eksamen
2024-05-27,RSD3102,5t eksamen
2024-05-27,TED3102,5t eksamen
2024-05-27,SME3102,5t eksamen
2024-05-27,ALU3102,5t eksamen
2024-05-27,HJU3102,5t eksamen
2024-05-27,KSK3102,5t eksamen
2024-05-27,REI3102,5t eksamen
2024-05-27,BLD3102,5t eksamen
2024-05-27,CNC3102,5t eksamen
2024-05-27,LAB3102,5t eksamen
2024-05-27,LMM3102,5t eksamen
2024-05-27,GTL3102,5t eksamen
2024-05-27,HSK3102,5t eksamen
2024-05-27,MSY3102,5t eksamen
2024-05-27,BLY3102,5t eksamen
2024-05-27,BKF3102,5t eksamen
2024-05-27,HBB3102,5t eksamen
2024-05-27,GRV3102,5t eksamen
2024-05-27,NAU3102,5t eksamen
2024-05-27,VHD3102,5t eksamen
2024-05-27,TRB3102,5t eksamen
2024-05-27,MEL3005,Forberedelsesdag
2024-05-27,HEA3102,5t eksamen
2024-05-27,URM3102,5t eksamen
2024-05-27,EMO3002,Forberedelsesdag
2024-05-27,PRT3102,5t eksamen
2024-05-27,KER3102,5t eksamen
2024-05-27,SLF3102,5t eksamen
2024-05-27,MME3102,5t eksamen
2024-05-27,STF3102,5t eksamen
2024-05-27,ISM3102,5t eksamen
2024-05-27,TDR3102,5t eksamen
2024-05-27,AMM3003,5t eksamen
2024-05-27,IOM3102,5t eksamen
2024-05-27,BRH3102,5t eksamen
2024-05-27,GPT3102,5t eksamen
2024-05-27,KBB3102,5t eksamen
2024-05-27,BLA3102,5t eksamen
2024-05-27,IFT3102,5t eksamen
2024-05-27,TEP3102,5t eksamen
2024-05-27,ITR3102,5t eksamen
2024-05-27,FIR3102,5t eksamen
2024-05-27,AMM3030,5t eksamen
2024-05-27,MSF3102,5t eksamen
2024-05-27,MOM3102,5t eksamen
2024-05-27,KAR3102,5t eksamen
2024-05-27,AKV3102,5t eksamen
2024-05-27,BKO3102,5t eksamen
2024-05-27,GUL3102,5t eksamen
2024-05-27,FFA3102,5t eksamen
2024-05-27,KLO3102,5t eksamen
2024-05-27,KON3102,5t eksamen
2024-05-27,FIL3102,5t eksamen
2024-05-27,KJP3102,5t eksamen
2024-05-27,FGY3102,5t eksamen
2024-05-27,POM3102,5t eksamen
2024-05-27,FRI3102,5t eksamen
2024-05-27,BRE3102,5t eksamen
2024-05-27,SLV3102,5t eksamen
2024-05-27,PLM3102,5t eksamen
2024-05-27,ORT3102,5t eksamen
2024-05-27,IAN3102,5t eksamen
2024-05-27,TRF3102,5t eksamen
2024-05-27,GIP3102,5t eksamen
2024-05-27,SVE3102,5t eksamen
2024-05-27,MOB3102,5t eksamen
2024-05-27,ISK3102,5t eksamen
2024-05-27,BSK3102,5t eksamen
2024-05-27,TSK3102,5t eksamen
2024-05-27,HST3102,5t eksamen
2024-05-27,IOV3102,5t eksamen
2024-05-27,SMH3102,5t eksamen
2024-05-27,GRF3102,5t eksamen
2024-05-27,BKV3102,5t eksamen
2024-05-27,TRD3102,5t eksamen
2024-05-27,FMK3102,5t eksamen
2024-05-27,SIG3002,Forberedelsesdag
2024-05-27,IMO3102,5t eksamen
2024-05-27,VER3102,5t eksamen
2024-05-27,IVE3102,5t eksamen
2024-05-27,MOD3102,5t eksamen
2024-05-27,DKO3102,5t eksamen
2024-05-27,BAK3102,5t eksamen
2024-05-27,AKT3102,5t eksamen
2024-05-27,GJE3102,5t eksamen
2024-05-27,SKO3102,5t eksamen
2024-05-27,SKF3112,5t eksamen
2024-05-27,HOV3102,5t eksamen
2024-05-27,ITA3102,5t eksamen
2024-05-27,BTK3102,5t eksamen
2024-05-27,SEI3102,5t eksamen
2024-05-27,BNT3102,5t eksamen
2024-05-27,HEI3002,Forberedelsesdag
2024-05-27,GLH3102,5t eksamen
2024-05-27,BRM3102,5t eksamen
2024-05-27,IMP3102,5t eksamen
2024-05-27,STU3102,5t eksamen
2024-05-27,KOK3102,5t eksamen
2024-05-27,SPD3102,5t eksamen
2024-05-27,IGS3102,5t eksamen
2024-05-27,HVF3102,5t eksamen
2024-05-27,KST3102,5t eksamen
2024-05-27,BOR3102,5t eksamen
2024-05-27,PMF3102,5t eksamen
2024-05-27,PLA3102,5t eksamen
2024-05-27,LSF3102,5t eksamen
2024-05-27,VAS3102,5t eksamen
2024-05-27,KRV3102,5t eksamen
2024-05-27,BUA3102,5t eksamen
2024-05-27,BUN3102,5t eksamen
2024-05-27,ISN3102,5t eksamen
2024-05-27,SMP3102,5t eksamen
2024-05-27,IME3102,5t eksamen
2024-05-27,STR3102,5t eksamen
2024-05-27,SAL3102,5t eksamen
2024-05-27,BMF3002,Forberedelsesdag
2024-05-27,SAM3055,Forberedelsesdag
2024-05-27,SAM3068,Forberedelsesdag
2024-05-27,DYR3103,5t eksamen
2024-05-27,HAV3103,5t eksamen
2024-05-27,BIP3103,5t eksamen
2024-05-27,TLM3103,5t eksamen
2024-05-27,FSP6139,4t eksamen
2024-05-27,FSP6149,4t eksamen
2024-05-27,FSP6159,4t eksamen
2024-05-27,FSP6169,4t eksamen
2024-05-27,FSP6179,4t eksamen
2024-05-27,FSP6189,4t eksamen
2024-05-27,FSP6199,4t eksamen
2024-05-27,FSP6209,4t eksamen
2024-05-27,PSP5790,4t eksamen
2024-05-27,PSP5796,4t eksamen
2024-05-27,PSP5802,4t eksamen
2024-05-27,PSP5808,4t eksamen
2024-05-27,PSP5814,4t eksamen
2024-05-27,PSP5820,4t eksamen
2024-05-27,PSP5826,4t eksamen
2024-05-27,PSP5838,4t eksamen
2024-05-27,PSP5844,4t eksamen
2024-05-27,PSP5850,4t eksamen
2024-05-27,PSP5856,4t eksamen
2024-05-27,PSP5868,4t eksamen
2024-05-27,FSP6249,4t eksamen
2024-05-27,FSP6269,4t eksamen
2024-05-27,FSP6279,4t eksamen
2024-05-27,FSP6299,4t eksamen
2024-05-27,FSP6309,4t eksamen
2024-05-27,FSP6319,4t eksamen
2024-05-27,FSP6329,4t eksamen
2024-05-27,FSP6339,4t eksamen
2024-05-27,FSP6349,4t eksamen
2024-05-27,FSP6359,4t eksamen
2024-05-27,FSP6369,4t eksamen
2024-05-27,FSP6379,4t eksamen
2024-05-27,FSP6389,4t eksamen
2024-05-27,FSP6399,4t eksamen
2024-05-27,FSP6409,4t eksamen
2024-05-27,FSP6419,4t eksamen
2024-05-27,FSP6439,4t eksamen
2024-05-27,FSP6449,4t eksamen
2024-05-27,FSP6459,4t eksamen
2024-05-27,FSP6469,4t eksamen
2024-05-27,FSP6479,4t eksamen
2024-05-27,FSP6499,4t eksamen
2024-05-27,FSP6509,4t eksamen
2024-05-27,FSP6519,4t eksamen
2024-05-27,FSP6529,4t eksamen
2024-05-27,FSP6539,4t eksamen
2024-05-27,FSP6559,4t eksamen
2024-05-27,FSP6569,4t eksamen
2024-05-27,FSP6219,4t eksamen
2024-05-27,FSP6239,4t eksamen
2024-05-27,FSP6259,4t eksamen
2024-05-27,FSP6489,4t eksamen
2024-05-27,PSP5874,4t eksamen
2024-05-27,PSP5880,4t eksamen
2024-05-27,PSP5886,4t eksamen
2024-05-27,PSP5892,4t eksamen
2024-05-27,PSP5898,4t eksamen
2024-05-27,PSP5904,4t eksamen
2024-05-27,PSP5910,4t eksamen
2024-05-27,PSP5916,4t eksamen
2024-05-27,PSP5922,4t eksamen
2024-05-27,PSP5928,4t eksamen
2024-05-27,PSP5934,4t eksamen
2024-05-27,PSP5940,4t eksamen
2024-05-27,PSP5946,4t eksamen
2024-05-27,PSP5952,4t eksamen
2024-05-27,PSP5958,4t eksamen
2024-05-27,PSP5964,4t eksamen
2024-05-27,PSP5976,4t eksamen
2024-05-27,PSP5982,4t eksamen
2024-05-27,PSP5988,4t eksamen
2024-05-27,PSP5994,4t eksamen
2024-05-27,PSP6000,4t eksamen
2024-05-27,PSP6006,4t eksamen
2024-05-27,PSP6012,4t eksamen
2024-05-27,PSP6018,4t eksamen
2024-05-27,PSP6032,4t eksamen
2024-05-27,PSP6038,4t eksamen
2024-05-27,PSP6050,4t eksamen
2024-05-27,PSP6056,4t eksamen
2024-05-27,AKT3103,5t eksamen
2024-05-27,AKV3103,5t eksamen
2024-05-27,AMK2102,5t eksamen
2024-05-27,BSM3103,5t eksamen
2024-05-27,EKF3103,5t eksamen
2024-05-27,FVF3103,5t eksamen
2024-05-27,GAR3103,5t eksamen
2024-05-27,GBF3103,5t eksamen
2024-05-27,IHP3103,5t eksamen
2024-05-27,ITD3103,5t eksamen
2024-05-27,MDF3103,5t eksamen
2024-05-27,MET3103,5t eksamen
2024-05-27,MOT3103,5t eksamen
2024-05-27,PLF3103,5t eksamen
2024-05-27,SMK3103,5t eksamen
2024-05-27,SAM3043,Forberedelsesdag
2024-05-27,SAM3070,Forberedelsesdag
2024-05-27,IDR2027,5t eksamen
2024-05-27,ALU3103,5t eksamen
2024-05-27,AMB3103,5t eksamen
2024-05-27,BAK3103,5t eksamen
2024-05-27,BKF3103,5t eksamen
2024-05-27,BKO3103,5t eksamen
2024-05-27,BKV3103,5t eksamen
2024-05-27,BLA3103,5t eksamen
2024-05-27,BLD3103,5t eksamen
2024-05-27,BLY3103,5t eksamen
2024-05-27,BMK3103,5t eksamen
2024-05-27,BNT3103,5t eksamen
2024-05-27,BOR3103,5t eksamen
2024-05-27,BRE3103,5t eksamen
2024-05-27,BRH3103,5t eksamen
2024-05-27,BRM3103,5t eksamen
2024-05-27,BRS3103,5t eksamen
2024-05-27,BSK3103,5t eksamen
2024-05-27,BTK3103,5t eksamen
2024-05-27,BUA3103,5t eksamen
2024-05-27,BUN3103,5t eksamen
2024-05-27,CNC3103,5t eksamen
2024-05-27,DKO3103,5t eksamen
2024-05-27,FFA3103,5t eksamen
2024-05-27,FGY3103,5t eksamen
2024-05-27,FIL3103,5t eksamen
2024-05-27,FMK3103,5t eksamen
2024-05-27,FRI3103,5t eksamen
2024-05-27,GIP3103,5t eksamen
2024-05-27,GPT3103,5t eksamen
2024-05-27,GRF3103,5t eksamen
2024-05-27,GTL3103,5t eksamen
2024-05-27,GUL3103,5t eksamen
2024-05-27,GVF3103,5t eksamen
2024-05-27,HBB3103,5t eksamen
2024-05-27,HEA3103,5t eksamen
2024-05-27,HJU3103,5t eksamen
2024-05-27,HMD3103,5t eksamen
2024-05-27,HSK3103,5t eksamen
2024-05-27,HST3103,5t eksamen
2024-05-27,HVF3103,5t eksamen
2024-05-27,HVS3103,5t eksamen
2024-05-27,IME3103,5t eksamen
2024-05-27,IMO3103,5t eksamen
2024-05-27,IMP3103,5t eksamen
2024-05-27,IOM3103,5t eksamen
2024-05-27,IOV3103,5t eksamen
2024-05-27,IRL3103,5t eksamen
2024-05-27,ISN3103,5t eksamen
2024-05-27,ITA3103,5t eksamen
2024-05-27,KAR3103,5t eksamen
2024-05-27,KBB3103,5t eksamen
2024-05-27,KER3103,5t eksamen
2024-05-27,KJD3103,5t eksamen
2024-05-27,KJP3103,5t eksamen
2024-05-27,KLO3103,5t eksamen
2024-05-27,KOK3103,5t eksamen
2024-05-27,KON3103,5t eksamen
2024-05-27,KRV3103,5t eksamen
2024-05-27,KSK3103,5t eksamen
2024-05-27,KST3103,5t eksamen
2024-05-27,LAB3103,5t eksamen
2024-05-27,LMM3103,5t eksamen
2024-05-27,LSM3103,5t eksamen
2024-05-27,MBT3103,5t eksamen
2024-05-27,MME3103,5t eksamen
2024-05-27,MOB3103,5t eksamen
2024-05-27,MOD3103,5t eksamen
2024-05-27,MPM3103,5t eksamen
2024-05-27,MSF3103,5t eksamen
2024-05-27,MSY3103,5t eksamen
2024-05-27,MTS3103,5t eksamen
2024-05-27,NDT3103,5t eksamen
2024-05-27,OPT3103,5t eksamen
2024-05-27,ORG3103,5t eksamen
2024-05-27,ORT3103,5t eksamen
2024-05-27,PFD3103,5t eksamen
2024-05-27,PLA3103,5t eksamen
2024-05-27,PMF3103,5t eksamen
2024-05-27,POM3103,5t eksamen
2024-05-27,POR3103,5t eksamen
2024-05-27,PRT3103,5t eksamen
2024-05-27,REI3103,5t eksamen
2024-05-27,REP3103,5t eksamen
2024-05-27,RSD3103,5t eksamen
2024-05-27,SAL3103,5t eksamen
2024-05-27,SEI3103,5t eksamen
2024-05-27,SER3103,5t eksamen
2024-05-27,SGR3103,5t eksamen
2024-05-27,SKF3103,5t eksamen
2024-05-27,SKO3103,5t eksamen
2024-05-27,SLF3103,5t eksamen
2024-05-27,SLV3103,5t eksamen
2024-05-27,SME3103,5t eksamen
2024-05-27,SMP3103,5t eksamen
2024-05-27,SPD3103,5t eksamen
2024-05-27,STR3103,5t eksamen
2024-05-27,SVE3103,5t eksamen
2024-05-27,TDR3103,5t eksamen
2024-05-27,TED3103,5t eksamen
2024-05-27,TKS3103,5t eksamen
2024-05-27,TRB3103,5t eksamen
2024-05-27,TRD3103,5t eksamen
2024-05-27,TSK3103,5t eksamen
2024-05-27,TSR3103,5t eksamen
2024-05-27,URM3103,5t eksamen
2024-05-27,VAF3103,5t eksamen
2024-05-27,VER3103,5t eksamen
2024-05-27,VHD3103,5t eksamen
2024-05-27,FSP6579,4t eksamen
2024-05-27,PSP6062,4t eksamen
2024-05-27,FSP6599,4t eksamen
2024-05-27,PSP6074,4t eksamen
2024-05-27,FSP6589,4t eksamen
2024-05-27,PSP6068,4t eksamen
2024-05-27,REA3062,5t eksamen
2024-05-27,REA3058,5t eksamen
2024-05-27,SAS4059,Forberedelsesdag
2024-05-27,SAS4039,Forberedelsesdag
2024-05-27,SAS3041,Forberedelsesdag
2024-05-27,SAS2028,Forberedelsesdag
2024-05-27,SAS2030,Forberedelsesdag
2024-05-27,KEF1008,Forberedelsesdag
2024-05-27,KEF1108,Forberedelsesdag
2024-05-27,SAS4035,Forberedelsesdag
2024-05-27,SAS3043,Forberedelsesdag
2024-05-27,SAS3051,Forberedelsesdag
2024-05-27,SAS2008,Forberedelsesdag
2024-05-27,SAS2032,Forberedelsesdag
2024-05-27,SAS4055,Forberedelsesdag
2024-05-27,SAS3045,Forberedelsesdag
2024-05-27,SAS3047,Forberedelsesdag
2024-05-27,KEF1010,Forberedelsesdag
2024-05-27,KEF1110,Forberedelsesdag
2024-05-27,SAS4045,Forberedelsesdag
2024-05-27,SAS4049,Forberedelsesdag
2024-05-27,SAS2026,Forberedelsesdag
2024-05-27,SAS3049,Forberedelsesdag
2024-05-27,SAS2017,Forberedelsesdag
2024-05-27,ELE3103,Forberedelsesdag
2024-05-27,TEL3103,Forberedelsesdag
2024-05-27,EOP3103,Forberedelsesdag
2024-05-27,EMO3103,Forberedelsesdag
2024-05-27,HEI3103,Forberedelsesdag
2024-05-27,BMF3103,Forberedelsesdag
2024-05-27,ITF3103,5t eksamen
2024-05-27,ITF3104,5t eksamen
2024-05-27,ITF3105,5t eksamen
2024-05-27,ITF3106,5t eksamen
2024-05-27,ITF3107,5t eksamen
2024-05-27,FSP6429,4t eksamen
2024-05-27,PSP5970,4t eksamen
2024-05-27,FSP6549,4t eksamen
2024-05-27,PSP6044,4t eksamen
2024-05-27,FSP6289,4t eksamen
2024-05-27,PSP5862,4t eksamen
2024-05-27,AMB3102,5t eksamen
2024-05-27,BMK3102,5t eksamen
2024-05-27,MTS3102,5t eksamen
2024-05-27,NDT3102,5t eksamen
2024-05-27,SGR3102,5t eksamen
2024-05-27,ELE3002,Forberedelsesdag
2024-05-27,BUT3102,5t eksamen
2024-05-27,MTF3102,5t eksamen
2024-05-27,HMD3102,5t eksamen
2024-05-27,ORG3102,5t eksamen
2024-05-27,AUT3103,Forberedelsesdag
2024-05-27,AUT4002,Forberedelsesdag
2024-05-28,PSP6084,5t eksamen
2024-05-28,TEL3002,5t eksamen
2024-05-28,SPR3003,5t eksamen
2024-05-28,EOP3002,5t eksamen
2024-05-28,MEL3005,5t eksamen
2024-05-28,EMO3002,5t eksamen
2024-05-28,SPR3006,5t eksamen
2024-05-28,AUT4002,5t eksamen
2024-05-28,SIG3002,6t eksamen
2024-05-28,HEI3002,5t eksamen
2024-05-28,DAT4002,5t eksamen
2024-05-28,BMF3002,5t eksamen
2024-05-28,SAM3055,5t eksamen
2024-05-28,SAM3068,5t eksamen
2024-05-28,ARL3103,5t eksamen
2024-05-28,VOV3103,5t eksamen
2024-05-28,VEN3103,5t eksamen
2024-05-28,IUV3103,5t eksamen
2024-05-28,SAM3043,5t eksamen
2024-05-28,SAM3070,5t eksamen
2024-05-28,SPR3024,5t eksamen
2024-05-28,SPR3027,5t eksamen
2024-05-28,PSP5794,5t eksamen
2024-05-28,PSP5800,5t eksamen
2024-05-28,PSP5806,5t eksamen
2024-05-28,PSP5812,5t eksamen
2024-05-28,PSP5818,5t eksamen
2024-05-28,PSP5824,5t eksamen
2024-05-28,PSP5830,5t eksamen
2024-05-28,PSP5836,5t eksamen
2024-05-28,PSP5842,5t eksamen
2024-05-28,PSP5848,5t eksamen
2024-05-28,PSP5854,5t eksamen
2024-05-28,PSP5860,5t eksamen
2024-05-28,PSP5872,5t eksamen
2024-05-28,PSP5878,5t eksamen
2024-05-28,PSP5884,5t eksamen
2024-05-28,PSP5890,5t eksamen
2024-05-28,PSP5896,5t eksamen
2024-05-28,PSP5902,5t eksamen
2024-05-28,PSP5908,5t eksamen
2024-05-28,PSP5914,5t eksamen
2024-05-28,PSP5920,5t eksamen
2024-05-28,PSP5926,5t eksamen
2024-05-28,PSP5932,5t eksamen
2024-05-28,PSP5938,5t eksamen
2024-05-28,PSP5944,5t eksamen
2024-05-28,PSP5950,5t eksamen
2024-05-28,PSP5956,5t eksamen
2024-05-28,PSP5962,5t eksamen
2024-05-28,PSP5968,5t eksamen
2024-05-28,PSP5980,5t eksamen
2024-05-28,PSP5986,5t eksamen
2024-05-28,PSP5992,5t eksamen
2024-05-28,PSP5998,5t eksamen
2024-05-28,PSP6004,5t eksamen
2024-05-28,PSP6010,5t eksamen
2024-05-28,PSP6016,5t eksamen
2024-05-28,PSP6022,5t eksamen
2024-05-28,PSP6036,5t eksamen
2024-05-28,PSP6042,5t eksamen
2024-05-28,PSP6054,5t eksamen
2024-05-28,PSP6060,5t eksamen
2024-05-28,PSP6066,5t eksamen
2024-05-28,PSP6078,5t eksamen
2024-05-28,PSP6072,5t eksamen
2024-05-28,REA3036,5t eksamen
2024-05-28,SAS4059,5t eksamen
2024-05-28,SAS4039,5t eksamen
2024-05-28,SAS3041,5t eksamen
2024-05-28,SAS2028,5t eksamen
2024-05-28,SAS2030,5t eksamen
2024-05-28,KEF1008,5t eksamen
2024-05-28,KEF1108,5t eksamen
2024-05-28,SAS4035,5t eksamen
2024-05-28,SAS3043,5t eksamen
2024-05-28,SAS3051,5t eksamen
2024-05-28,SAS2008,5t eksamen
2024-05-28,SAS2032,5t eksamen
2024-05-28,SAS4055,5t eksamen
2024-05-28,SAS3045,5t eksamen
2024-05-28,SAS3047,5t eksamen
2024-05-28,KEF1010,5t eksamen
2024-05-28,KEF1110,5t eksamen
2024-05-28,SAS4045,5t eksamen
2024-05-28,SAS4049,5t eksamen
2024-05-28,SAS2026,5t eksamen
2024-05-28,SAS3049,5t eksamen
2024-05-28,SAS2017,5t eksamen
2024-05-28,ELE3103,5t eksamen
2024-05-28,TEL3103,5t eksamen
2024-05-28,EOP3103,5t eksamen
2024-05-28,EMO3103,5t eksamen
2024-05-28,HEI3103,5t eksamen
2024-05-28,BMF3103,5t eksamen
2024-05-28,DAT3103,5t eksamen
2024-05-28,AUT3103,5t eksamen
2024-05-28,PSP5974,5t eksamen
2024-05-28,PSP6048,5t eksamen
2024-05-28,PSP5866,5t eksamen
2024-05-28,ELE3002,5t eksamen
2024-05-29,FSP6612,4t eksamen
2024-05-29,PSP6082,4t eksamen
2024-05-29,AUT4030,Forberedelsesdag
2024-05-29,ENG1013,Forberedelsesdag
2024-05-29,AUT4003,Forberedelsesdag
2024-05-29,ENG1011,Forberedelsesdag
2024-05-29,ENG1007,Forberedelsesdag
2024-05-29,SAM3051,Forberedelsesdag
2024-05-29,FSP6142,4t eksamen
2024-05-29,FSP6152,4t eksamen
2024-05-29,FSP6162,4t eksamen
2024-05-29,FSP6172,4t eksamen
2024-05-29,FSP6182,4t eksamen
2024-05-29,FSP6192,4t eksamen
2024-05-29,FSP6202,4t eksamen
2024-05-29,FSP6212,4t eksamen
2024-05-29,PSP5792,4t eksamen
2024-05-29,PSP5798,4t eksamen
2024-05-29,PSP5804,4t eksamen
2024-05-29,PSP5810,4t eksamen
2024-05-29,PSP5816,4t eksamen
2024-05-29,PSP5822,4t eksamen
2024-05-29,PSP5828,4t eksamen
2024-05-29,PSP5832,4t eksamen
2024-05-29,PSP5834,4t eksamen
2024-05-29,PSP5840,4t eksamen
2024-05-29,PSP5846,4t eksamen
2024-05-29,PSP5852,4t eksamen
2024-05-29,PSP5858,4t eksamen
2024-05-29,PSP5870,4t eksamen
2024-05-29,FSP6252,4t eksamen
2024-05-29,FSP6272,4t eksamen
2024-05-29,FSP6282,4t eksamen
2024-05-29,FSP6302,4t eksamen
2024-05-29,FSP6312,4t eksamen
2024-05-29,FSP6322,4t eksamen
2024-05-29,FSP6332,4t eksamen
2024-05-29,FSP6342,4t eksamen
2024-05-29,FSP6352,4t eksamen
2024-05-29,FSP6362,4t eksamen
2024-05-29,FSP6372,4t eksamen
2024-05-29,FSP6382,4t eksamen
2024-05-29,FSP6392,4t eksamen
2024-05-29,FSP6402,4t eksamen
2024-05-29,FSP6412,4t eksamen
2024-05-29,FSP6422,4t eksamen
2024-05-29,FSP6442,4t eksamen
2024-05-29,FSP6452,4t eksamen
2024-05-29,FSP6462,4t eksamen
2024-05-29,FSP6472,4t eksamen
2024-05-29,FSP6482,4t eksamen
2024-05-29,FSP6502,4t eksamen
2024-05-29,FSP6512,4t eksamen
2024-05-29,FSP6522,4t eksamen
2024-05-29,FSP6532,4t eksamen
2024-05-29,FSP6542,4t eksamen
2024-05-29,FSP6562,4t eksamen
2024-05-29,FSP6572,4t eksamen
2024-05-29,FSP6222,4t eksamen
2024-05-29,FSP6229,4t eksamen
2024-05-29,FSP6232,4t eksamen
2024-05-29,FSP6242,4t eksamen
2024-05-29,FSP6262,4t eksamen
2024-05-29,FSP6492,4t eksamen
2024-05-29,PSP5876,4t eksamen
2024-05-29,PSP5882,4t eksamen
2024-05-29,PSP5888,4t eksamen
2024-05-29,PSP5894,4t eksamen
2024-05-29,PSP5900,4t eksamen
2024-05-29,PSP5906,4t eksamen
2024-05-29,PSP5912,4t eksamen
2024-05-29,PSP5918,4t eksamen
2024-05-29,PSP5924,4t eksamen
2024-05-29,PSP5930,4t eksamen
2024-05-29,PSP5936,4t eksamen
2024-05-29,PSP5942,4t eksamen
2024-05-29,PSP5948,4t eksamen
2024-05-29,PSP5954,4t eksamen
2024-05-29,PSP5960,4t eksamen
2024-05-29,PSP5966,4t eksamen
2024-05-29,PSP5978,4t eksamen
2024-05-29,PSP5984,4t eksamen
2024-05-29,PSP5990,4t eksamen
2024-05-29,PSP5996,4t eksamen
2024-05-29,PSP6002,4t eksamen
2024-05-29,PSP6008,4t eksamen
2024-05-29,PSP6014,4t eksamen
2024-05-29,PSP6020,4t eksamen
2024-05-29,PSP6034,4t eksamen
2024-05-29,PSP6040,4t eksamen
2024-05-29,PSP6052,4t eksamen
2024-05-29,PSP6058,4t eksamen
2024-05-29,SAM3058,Forberedelsesdag
2024-05-29,SAM3064,Forberedelsesdag
2024-05-29,SPR3039,Forberedelsesdag
2024-05-29,NOR1074,Forberedelsesdag
2024-05-29,NOR1072,Forberedelsesdag
2024-05-29,FSP6156,4t eksamen
2024-05-29,FSP6226,4t eksamen
2024-05-29,FSP6186,4t eksamen
2024-05-29,FSP6166,4t eksamen
2024-05-29,FSP6196,4t eksamen
2024-05-29,FSP6236,4t eksamen
2024-05-29,FSP6206,4t eksamen
2024-05-29,FSP6496,4t eksamen
2024-05-29,FSP6246,4t eksamen
2024-05-29,FSP6176,4t eksamen
2024-05-29,FSP6216,4t eksamen
2024-05-29,FSP6582,4t eksamen
2024-05-29,PSP6064,4t eksamen
2024-05-29,FSP6602,4t eksamen
2024-05-29,PSP6076,4t eksamen
2024-05-29,FSP6592,4t eksamen
2024-05-29,PSP6070,4t eksamen
2024-05-29,SAM3061,Forberedelsesdag
2024-05-29,REA3046,5t eksamen
2024-05-29,AUT2102,Forberedelsesdag
2024-05-29,FSP6432,4t eksamen
2024-05-29,PSP5972,4t eksamen
2024-05-29,FSP6552,4t eksamen
2024-05-29,PSP6046,4t eksamen
2024-05-29,FSP6292,4t eksamen
2024-05-29,PSP5864,4t eksamen
2024-05-29,FSP6296,4t eksamen
2024-05-29,ENG1009,Forberedelsesdag
2024-05-30,EOP3030,Forberedelsesdag
2024-05-30,ELE3030,Forberedelsesdag
2024-05-30,ELE3003,Forberedelsesdag
2024-05-30,HEI3003,Forberedelsesdag
2024-05-30,ENG1013,5t eksamen
2024-05-30,EMO3003,Forberedelsesdag
2024-05-30,MEL4002,Forberedelsesdag
2024-05-30,ENG1011,5t eksamen
2024-05-30,MEL3030,Forberedelsesdag
2024-05-30,ENG1007,5t eksamen
2024-05-30,EMO3030,Forberedelsesdag
2024-05-30,MEL3103,Forberedelsesdag
2024-05-30,EOP3003,Forberedelsesdag
2024-05-30,AMM3002,Forberedelsesdag
2024-05-30,HEI3030,Forberedelsesdag
2024-05-30,SIG3003,Forberedelsesdag
2024-05-30,SAM3051,5t eksamen
2024-05-30,SAM3058,5t eksamen
2024-05-30,SAM3064,5t eksamen
2024-05-30,SPR3039,5t eksamen
2024-05-30,NOR1074,5t eksamen
2024-05-30,NOR1072,5t eksamen
2024-05-30,SAM3061,5t eksamen
2024-05-30,AMM3103,Forberedelsesdag
2024-05-30,ELE2102,Forberedelsesdag
2024-05-30,BMF2102,Forberedelsesdag
2024-05-30,REA3049,Forberedelsesdag
2024-05-30,REA3015,Forberedelsesdag
2024-05-30,SIG3030,Forberedelsesdag
2024-05-30,ENG1009,5t eksamen
2024-05-30,AUT2102,Forberedelsesdag
2024-05-30,AUT4003,Forberedelsesdag
2024-05-30,AUT4030,Forberedelsesdag
2024-05-31,EOP3030,5t eksamen
2024-05-31,BRO3102,5t eksamen
2024-05-31,SIK3102,5t eksamen
2024-05-31,AUT4030,5t eksamen
2024-05-31,ELE3030,5t eksamen
2024-05-31,AVI4003,5t eksamen
2024-05-31,RLF3102,5t eksamen
2024-05-31,BAN3102,5t eksamen
2024-05-31,TAV3102,5t eksamen
2024-05-31,MAL3102,5t eksamen
2024-05-31,TBY3102,5t eksamen
2024-05-31,RHO3102,5t eksamen
2024-05-31,FSY4003,5t eksamen
2024-05-31,STI3102,5t eksamen
2024-05-31,DAT4003,5t eksamen
2024-05-31,ELE3003,5t eksamen
2024-05-31,HEI3003,5t eksamen
2024-05-31,KUL3102,5t eksamen
2024-05-31,FTG3102,5t eksamen
2024-05-31,RES3102,5t eksamen
2024-05-31,STE3102,5t eksamen
2024-05-31,TEL3030,5t eksamen
2024-05-31,FST4003,5t eksamen
2024-05-31,TLF3102,5t eksamen
2024-05-31,IMF3102,5t eksamen
2024-05-31,FSY4030,5t eksamen
2024-05-31,VIK3102,5t eksamen
2024-05-31,LIM3102,5t eksamen
2024-05-31,AUT4003,5t eksamen
2024-05-31,TAK3102,5t eksamen
2024-05-31,EMO3003,5t eksamen
2024-05-31,ANG3102,5t eksamen
2024-05-31,AVI4030,5t eksamen
2024-05-31,TMF3102,5t eksamen
2024-05-31,BMF3030,5t eksamen
2024-05-31,ASF3102,5t eksamen
2024-05-31,FMO4003,5t eksamen
2024-05-31,VOA3102,5t eksamen
2024-05-31,MEL4002,5t eksamen
2024-05-31,BET3102,5t eksamen
2024-05-31,FUO3102,5t eksamen
2024-05-31,ISO3102,5t eksamen
2024-05-31,TEL3003,5t eksamen
2024-05-31,MEL3030,5t eksamen
2024-05-31,BMF3003,5t eksamen
2024-05-31,GLA3102,5t eksamen
2024-05-31,PRO3102,5t eksamen
2024-05-31,RLV3102,5t eksamen
2024-05-31,EMO3030,5t eksamen
2024-05-31,FST4030,5t eksamen
2024-05-31,TOG3102,5t eksamen
2024-05-31,BDR3102,5t eksamen
2024-05-31,FMO4030,5t eksamen
2024-05-31,YRK3102,5t eksamen
2024-05-31,SLG3102,5t eksamen
2024-05-31,MEL3103,5t eksamen
2024-05-31,EOP3003,5t eksamen
2024-05-31,MUR3102,5t eksamen
2024-05-31,LOG3102,5t eksamen
2024-05-31,AMM3002,5t eksamen
2024-05-31,ERF3102,5t eksamen
2024-05-31,HEI3030,5t eksamen
2024-05-31,ISF3102,5t eksamen
2024-05-31,MGR3102,5t eksamen
2024-05-31,SIG3003,5t eksamen
2024-05-31,AMF3102,5t eksamen
2024-05-31,FEI3102,5t eksamen
2024-05-31,FJE3102,5t eksamen
2024-05-31,BFB3103,5t eksamen
2024-05-31,DEL2102,5t eksamen
2024-05-31,KVP3103,5t eksamen
2024-05-31,MFF3103,5t eksamen
2024-05-31,PRO3103,5t eksamen
2024-05-31,SOA3103,5t eksamen
2024-05-31,AMF3103,5t eksamen
2024-05-31,ANG3103,5t eksamen
2024-05-31,ASF3103,5t eksamen
2024-05-31,BAN3103,5t eksamen
2024-05-31,BDR3103,5t eksamen
2024-05-31,BET3103,5t eksamen
2024-05-31,BRO3103,5t eksamen
2024-05-31,GLA3103,5t eksamen
2024-05-31,IMF3103,5t eksamen
2024-05-31,ISL3103,5t eksamen
2024-05-31,LOG3103,5t eksamen
2024-05-31,RLF3103,5t eksamen
2024-05-31,RLV3103,5t eksamen
2024-05-31,ROF3103,5t eksamen
2024-05-31,SIK3103,5t eksamen
2024-05-31,SLG3103,5t eksamen
2024-05-31,STE3103,5t eksamen
2024-05-31,TAK3103,5t eksamen
2024-05-31,TAV3103,5t eksamen
2024-05-31,TMF3103,5t eksamen
2024-05-31,TOG3103,5t eksamen
2024-05-31,VBL3103,5t eksamen
2024-05-31,VIK3103,5t eksamen
2024-05-31,VOA3103,5t eksamen
2024-05-31,YRK3103,5t eksamen
2024-05-31,FJE3103,5t eksamen
2024-05-31,FJE3104,5t eksamen
2024-05-31,FJE3105,5t eksamen
2024-05-31,TLT3103,5t eksamen
2024-05-31,TLT3104,5t eksamen
2024-05-31,TLT3105,5t eksamen
2024-05-31,TLT3106,5t eksamen
2024-05-31,SNE3103,5t eksamen
2024-05-31,SNE3104,5t eksamen
2024-05-31,SNE3105,5t eksamen
2024-05-31,SPR3031,5t eksamen
2024-05-31,AMM3103,5t eksamen
2024-05-31,FUO3103,5t eksamen
2024-05-31,ERF3103,5t eksamen
2024-05-31,ELE2102,5t eksamen
2024-05-31,BMF2102,5t eksamen
2024-05-31,AUT2102,5t eksamen
2024-05-31,REA3049,5t eksamen
2024-05-31,BYM3103,5t eksamen
2024-05-31,SBF3103,5t eksamen
2024-05-31,REA3015,5t eksamen
2024-05-31,SIG3030,5t eksamen
2024-05-31,KAD3102,5t eksamen
2024-05-31,VBL3102,5t eksamen
2024-05-31,DAT4030,5t eksamen